{"cameraMode":{"drawMode":0,"name":"Shaded","section":"Shading Mode"},"sceneLighting":false,"audioPlay":false,"sceneViewState":{"m_AlwaysRefresh":false,"showFog":true,"showSkybox":false,"showFlares":true,"showImageEffects":true,"showParticleSystems":true,"showVisualEffectGraphs":true,"m_FxEnabled":true},"in2DMode":false,"pivot":{"x":0.02125905267894268,"y":0.5247854590415955,"z":0.5649827718734741},"rotation":{"x":-0.41191378235816958,"y":-0.029492493718862535,"z":0.013414822518825531,"w":-0.9106006026268005},"size":1.8034688234329224,"orthographic":false}