{"cameraMode":{"drawMode":0,"name":"Shaded","section":"Shading Mode"},"sceneLighting":false,"audioPlay":false,"sceneViewState":{"m_AlwaysRefresh":false,"showFog":true,"showSkybox":false,"showFlares":true,"showImageEffects":true,"showParticleSystems":true,"showVisualEffectGraphs":true,"m_FxEnabled":true},"in2DMode":false,"pivot":{"x":948.0244750976563,"y":553.6972045898438,"z":11.786293029785157},"rotation":{"x":-0.0016870618565008045,"y":-0.9978745579719544,"z":0.05934436246752739,"w":-0.027835529297590257},"size":42.42640686035156,"orthographic":false}