{"cameraMode":{"drawMode":0,"name":"Shaded","section":"Shading Mode"},"sceneLighting":false,"audioPlay":false,"sceneViewState":{"m_AlwaysRefresh":false,"showFog":true,"showSkybox":false,"showFlares":true,"showImageEffects":true,"showParticleSystems":true,"showVisualEffectGraphs":true,"m_FxEnabled":true},"in2DMode":false,"pivot":{"x":0.5113706588745117,"y":-1.3891878128051758,"z":-0.007072462234646082},"rotation":{"x":-0.5294784903526306,"y":-0.026172475889325143,"z":0.016427649185061456,"w":-0.8477119207382202},"size":1.8034688234329224,"orthographic":false}