{"cameraMode":{"drawMode":0,"name":"Shaded","section":"Shading Mode"},"sceneLighting":false,"audioPlay":false,"sceneViewState":{"m_AlwaysRefresh":false,"showFog":true,"showSkybox":false,"showFlares":true,"showImageEffects":true,"showParticleSystems":true,"showVisualEffectGraphs":true,"m_FxEnabled":true},"in2DMode":false,"pivot":{"x":966.5974731445313,"y":541.3238525390625,"z":26.464807510375978},"rotation":{"x":0.16884306073188783,"y":0.04138430953025818,"z":-0.007136249449104071,"w":0.9847373962402344},"size":42.42640686035156,"orthographic":false}