{"cameraMode":{"drawMode":0,"name":"Shaded","section":"Shading Mode"},"sceneLighting":false,"audioPlay":false,"sceneViewState":{"m_AlwaysRefresh":false,"showFog":true,"showSkybox":false,"showFlares":true,"showImageEffects":true,"showParticleSystems":true,"showVisualEffectGraphs":true,"m_FxEnabled":true},"in2DMode":false,"pivot":{"x":0.36030858755111697,"y":2.6086692810058595,"z":-3.1133575439453127},"rotation":{"x":-0.32396259903907778,"y":-0.09850697219371796,"z":0.03401115909218788,"w":-0.9402685165405273},"size":0.8660253882408142,"orthographic":false}