{"cameraMode":{"drawMode":0,"name":"Shaded","section":"Shading Mode"},"sceneLighting":false,"audioPlay":false,"sceneViewState":{"m_AlwaysRefresh":false,"showFog":true,"showSkybox":false,"showFlares":true,"showImageEffects":true,"showParticleSystems":true,"showVisualEffectGraphs":true,"m_FxEnabled":true},"in2DMode":false,"pivot":{"x":960.0516357421875,"y":540.0018920898438,"z":0.18986007571220399},"rotation":{"x":-0.00003700208617374301,"y":-0.9996499419212341,"z":-0.02759525366127491,"w":0.0017967019230127335},"size":0.20616120100021363,"orthographic":false}