{"cameraMode":{"drawMode":0,"name":"Shaded","section":"Shading Mode"},"sceneLighting":false,"audioPlay":false,"sceneViewState":{"m_AlwaysRefresh":false,"showFog":true,"showSkybox":false,"showFlares":true,"showImageEffects":true,"showParticleSystems":true,"showVisualEffectGraphs":true,"m_FxEnabled":true},"in2DMode":false,"pivot":{"x":959.588134765625,"y":526.1098022460938,"z":36.23113250732422},"rotation":{"x":0.08629585802555084,"y":-0.0059781442396342758,"z":0.0005148808122612536,"w":0.996281623840332},"size":42.42640686035156,"orthographic":false}