{"cameraMode":{"drawMode":0,"name":"Shaded","section":"Shading Mode"},"sceneLighting":false,"audioPlay":false,"sceneViewState":{"m_AlwaysRefresh":false,"showFog":true,"showSkybox":false,"showFlares":true,"showImageEffects":true,"showParticleSystems":true,"showVisualEffectGraphs":true,"m_FxEnabled":true},"in2DMode":false,"pivot":{"x":1.4158287048339844,"y":3.6926324367523195,"z":-0.7929888963699341},"rotation":{"x":0.3246305286884308,"y":-0.5444746017456055,"z":0.24033741652965547,"w":0.7350615859031677},"size":2.1219096183776857,"orthographic":false}