{"cameraMode":{"drawMode":0,"name":"Shaded","section":"Shading Mode"},"sceneLighting":false,"audioPlay":false,"sceneViewState":{"m_AlwaysRefresh":false,"showFog":true,"showSkybox":false,"showFlares":true,"showImageEffects":true,"showParticleSystems":true,"showVisualEffectGraphs":true,"m_FxEnabled":true},"in2DMode":false,"pivot":{"x":0.4575144350528717,"y":0.17559339106082917,"z":1.7342416048049927},"rotation":{"x":-0.3470610976219177,"y":-0.4796047508716583,"z":0.21454182267189027,"w":-0.7767806649208069},"size":2.3078033924102785,"orthographic":false}