{"cameraMode":{"drawMode":0,"name":"Shaded","section":"Shading Mode"},"sceneLighting":false,"audioPlay":false,"sceneViewState":{"m_AlwaysRefresh":false,"showFog":true,"showSkybox":false,"showFlares":true,"showImageEffects":true,"showParticleSystems":true,"showVisualEffectGraphs":true,"m_FxEnabled":true},"in2DMode":false,"pivot":{"x":0.8228950500488281,"y":1.6988706588745118,"z":0.8689966201782227},"rotation":{"x":-0.44466328620910647,"y":0.11948228627443314,"z":-0.05996427685022354,"w":-0.8856255412101746},"size":2.1219096183776857,"orthographic":false}